{"session_file": "+79058955035", "phone": "+79058955035", "register_time": 1639480585, "app_id": 6, "app_hash": "eb06d4abfb49dc3eeb1aeb98ae0f581e", "sdk": "SDK 26", "app_version": "7.6.0 (22642)", "device": "samsungSM-G960F", "lang_pack": "android", "success_registred": true, "proxy": [2, "85.117.233.221", 45786, false, "Selsergchupak", "E6t1XtP"], "register_process": false, "first_name": "Тарас", "last_name": "Козаченко", "last_check_time": 1639578972, "deleted": false, "username": "gilbert59", "password": true, "password_str": "201088", "avatar": "./avatars/7.jpeg"}