{"session_file": "+79058959716", "phone": "+79058959716", "register_time": 1639481022, "app_id": 6, "app_hash": "eb06d4abfb49dc3eeb1aeb98ae0f581e", "sdk": "SDK 26", "app_version": "7.6.0 (22642)", "device": "samsungSM-G960F", "lang_pack": "android", "success_registred": true, "proxy": [2, "94.45.191.237", 45786, false, "Selsergchupak", "E6t1XtP"], "register_process": false, "first_name": "Тарас", "last_name": "Козаченко", "last_check_time": 1639578975, "deleted": false, "username": "bigelow41", "avatar": "./avatars/9.jpeg", "password": true, "password_str": "201088"}