{"session_file": "+79068323307", "phone": "+79068323307", "register_time": 1639486626, "app_id": 6, "app_hash": "eb06d4abfb49dc3eeb1aeb98ae0f581e", "sdk": "SDK 26", "app_version": "7.6.0 (22642)", "device": "samsungSM-G960F", "lang_pack": "android", "success_registred": true, "proxy": [2, "212.22.73.52", 45786, false, "Selsergchupak", "E6t1XtP"], "register_process": false, "first_name": "Тарас", "last_name": "Козаченко", "last_check_time": 1639578965, "deleted": false, "username": "mulligan72", "avatar": "./avatars/4.jpeg", "password": true, "password_str": "201088"}