{"session_file": "+79812314549", "phone": "+79812314549", "register_time": 1639496641, "app_id": 6, "app_hash": "eb06d4abfb49dc3eeb1aeb98ae0f581e", "sdk": "SDK 26", "app_version": "7.6.0 (22642)", "device": "samsungSM-G960F", "lang_pack": "android", "success_registred": true, "proxy": [2, "92.62.115.54", 45786, false, "Selsergchupak", "E6t1XtP"], "register_process": false, "first_name": "Тарас", "last_name": "Козаченко", "last_check_time": 1639578959, "deleted": false, "username": "rumberger68", "avatar": "./avatars/6.jpeg", "password": true, "password_str": "201088"}