{"session_file": "+13438075849", "phone": "+13438075849", "register_time": 1637414938, "app_id": 30779, "app_hash": "80015a761650814282f8a334b5d33feb", "sdk": "SDK 24", "app_version": "9.1.4", "device": "samsungSM-G930VL", "lang_pack": "it", "proxy": [2, "111.222.333.444", 8888, true, "login", "password"], "last_check_time": 1636568183, "success_registred": true, "first_name": "False", "last_name": "False", "twoFA": "False", "system_lang_pack": "en-AG", "ipv6": false, "sex": 1, "username": null, "avatar": null}