{"session_file": "+13438075544", "phone": "+13438075544", "register_time": 1636958246, "app_id": 34386, "app_hash": "193a662a92e974e34eb34da3838cc7d8", "sdk": "SDK 28", "app_version": "5.1.9", "device": "OPPOCPH1801", "lang_pack": "vi", "proxy": [2, "111.222.333.444", 8888, true, "login", "password"], "last_check_time": 1636568183, "success_registred": true, "first_name": "False", "last_name": "False", "twoFA": "False", "system_lang_pack": "en-AG", "ipv6": false, "sex": 1, "username": null, "avatar": null}