{"session_file": "+13438085174", "phone": "+13438085174", "register_time": 1637251598, "app_id": 72063, "app_hash": "f7d0ac985a7cdea4bdfdb891b8e76c09", "sdk": "SDK 23", "app_version": "7.3.8", "device": "SonySGP712", "lang_pack": "ms", "proxy": [2, "111.222.333.444", 8888, true, "login", "password"], "last_check_time": 1636568183, "success_registred": true, "first_name": "False", "last_name": "False", "twoFA": "False", "system_lang_pack": "en-AG", "ipv6": false, "sex": 1, "username": null, "avatar": null}