{"session_file": "+13438075641", "phone": "+13438075641", "register_time": 1637023024, "app_id": 82818, "app_hash": "caecb55a559ed638c435bad6aa9eb048", "sdk": "SDK 29", "app_version": "7.3.5", "device": "XiaomiMi 9 SE", "lang_pack": "vi", "proxy": [2, "111.222.333.444", 8888, true, "login", "password"], "last_check_time": 1636568183, "success_registred": true, "first_name": "False", "last_name": "False", "twoFA": "False", "system_lang_pack": "en-AG", "ipv6": false, "sex": 1, "username": null, "avatar": null}