{"session_file": "+15799142176", "phone": "+15799142176", "register_time": 1637251599, "app_id": 16282, "app_hash": "ebfaa22710b9372b4679b8e81d5bf264", "sdk": "SDK 23", "app_version": "7.0.3", "device": "alpsE706", "lang_pack": "pt", "proxy": [2, "111.222.333.444", 8888, true, "login", "password"], "last_check_time": 1636568183, "success_registred": true, "first_name": "False", "last_name": "False", "twoFA": "False", "system_lang_pack": "en-AG", "ipv6": false, "sex": 1, "username": null, "avatar": null}