{"session_file": "+15796002264", "phone": "+15796002264", "register_time": 1637044288, "app_id": 38662, "app_hash": "34bca7ca1abba565a002aece3b6c0439", "sdk": "SDK 26", "app_version": "6.3.2", "device": "LeMobileLe X620", "lang_pack": "ar", "proxy": [2, "111.222.333.444", 8888, true, "login", "password"], "last_check_time": 1636568183, "success_registred": true, "first_name": "False", "last_name": "False", "twoFA": "False", "system_lang_pack": "en-AG", "ipv6": false, "sex": 1, "username": null, "avatar": null}