{"session_file": "+15799141982", "phone": "+15799141982", "register_time": 1637252424, "app_id": 38662, "app_hash": "34bca7ca1abba565a002aece3b6c0439", "sdk": "SDK 29", "app_version": "9.3.0", "device": "samsungSM-G770F", "lang_pack": "tk", "proxy": [2, "111.222.333.444", 8888, true, "login", "password"], "last_check_time": 1638958397, "success_registred": true, "first_name": "Антон", "last_name": "Мазниченко", "twoFA": "False", "system_lang_pack": "en-AG", "ipv6": false, "sex": 1, "username": null, "avatar": "./static/avatars/WCExqkezPpdHRTpuXjhx.jpg"}