{"session_file": "+15799142219", "phone": "+15799142219", "register_time": 1637169210, "app_id": 34386, "app_hash": "193a662a92e974e34eb34da3838cc7d8", "sdk": "SDK 27", "app_version": "7.5.4", "device": "AllwinnerRedbox Mini 5(MTS)", "lang_pack": "bg", "proxy": [2, "111.222.333.444", 8888, true, "login", "password"], "last_check_time": 1636568183, "success_registred": true, "first_name": "False", "last_name": "False", "twoFA": "False", "system_lang_pack": "en-AG", "ipv6": false, "sex": 1, "username": null, "avatar": null}