{"session_file": "+15799142278", "phone": "+15799142278", "register_time": 1637102162, "app_id": 121652, "app_hash": "814056f84474a712dfb5073f7c273a91", "sdk": "SDK 27", "app_version": "7.5.1", "device": "XiaomiRedmi 6", "lang_pack": "es", "proxy": [2, "111.222.333.444", 8888, true, "login", "password"], "last_check_time": 1636568183, "success_registred": true, "first_name": "False", "last_name": "False", "twoFA": "False", "system_lang_pack": "en-AG", "ipv6": false, "sex": 1, "username": null, "avatar": null}