{"session_file": "+15796002157", "phone": "+15796002157", "register_time": 1637249521, "app_id": 38662, "app_hash": "34bca7ca1abba565a002aece3b6c0439", "sdk": "SDK 28", "app_version": "5.2.0", "device": "GooglePixel XL", "lang_pack": "en", "proxy": [2, "111.222.333.444", 8888, true, "login", "password"], "last_check_time": 1636568183, "success_registred": true, "first_name": "False", "last_name": "False", "twoFA": "False", "system_lang_pack": "en-AG", "ipv6": false, "sex": 1, "username": null, "avatar": null}