{"session_file": "+15799142151", "phone": "+15799142151", "register_time": 1637097598, "app_id": 30779, "app_hash": "80015a761650814282f8a334b5d33feb", "sdk": "SDK 23", "app_version": "6.1.1", "device": "Ark Electronic TechnologyBenefit_M8", "lang_pack": "fr", "proxy": [2, "111.222.333.444", 8888, true, "login", "password"], "last_check_time": 1638958397, "success_registred": true, "first_name": "Антон", "last_name": "Мазниченко", "twoFA": "False", "system_lang_pack": "en-AG", "ipv6": false, "sex": 1, "username": null, "avatar": "./static/avatars/FqNBdWInOBygkIpubfPF.jpg"}