{"session_file": "+15796002368", "phone": "+15796002368", "register_time": 1637595965, "app_id": 121652, "app_hash": "814056f84474a712dfb5073f7c273a91", "sdk": "SDK 25", "app_version": "8.2.9", "device": "InfinixHOT 4", "lang_pack": "hy", "proxy": [2, "111.222.333.444", 8888, true, "login", "password"], "last_check_time": 1636568183, "success_registred": true, "first_name": "False", "last_name": "False", "twoFA": "False", "system_lang_pack": "en-AG", "ipv6": false, "sex": 1, "username": null, "avatar": null}