{"session_file": "+15799142328", "phone": "+15799142328", "register_time": 1637439981, "app_id": 121352, "app_hash": "6a8d9a8a62878cbe0cc922eb715b956b", "sdk": "SDK 26", "app_version": "7.2.8", "device": "LGELM-X210CM", "lang_pack": "km", "proxy": [2, "111.222.333.444", 8888, true, "login", "password"], "last_check_time": 1638958397, "success_registred": true, "first_name": "Антон", "last_name": "Мазниченко", "twoFA": "False", "system_lang_pack": "en-AG", "ipv6": false, "sex": 1, "username": null, "avatar": "./static/avatars/HuItSNTjSUcNLsKvdSid.jpg"}