{"session_file": "+15799772308", "phone": "+15799772308", "register_time": 1637265848, "app_id": 243080, "app_hash": "e79630f811647cc07b45693a503a15c4", "sdk": "SDK 26", "app_version": "7.0.7", "device": "HUAWEIKIW-L21", "lang_pack": "ko", "proxy": [2, "111.222.333.444", 8888, true, "login", "password"], "last_check_time": 1636568183, "success_registred": true, "first_name": "False", "last_name": "False", "twoFA": "False", "system_lang_pack": "en-AG", "ipv6": false, "sex": 1, "username": null, "avatar": null}