{"session_file": "+15799772515", "phone": "+15799772515", "register_time": 1637764473, "app_id": 536164, "app_hash": "9aa8cf226facb8f0814003a83f9dee8e", "sdk": "SDK 26", "app_version": "7.3.4", "device": "samsungSM-T585", "lang_pack": "id", "proxy": [2, "111.222.333.444", 8888, true, "login", "password"], "last_check_time": 1638958330, "success_registred": true, "first_name": "eonRSee", "last_name": "DaEFi", "twoFA": "False", "system_lang_pack": "en-AG", "ipv6": false, "sex": 1, "username": null, "avatar": "./static/avatars/qrQXPRpVtHJNbldqCtkk.jpg"}