{"session_file": "+15796002032", "phone": "+15796002032", "register_time": 1637050754, "app_id": 371750, "app_hash": "28ad70b7cf6e051882d872c2d86d728c", "sdk": "SDK 25", "app_version": "6.2.5", "device": "samsungSM-N920I", "lang_pack": "ar", "proxy": [2, "111.222.333.444", 8888, true, "login", "password"], "last_check_time": 1636568183, "success_registred": true, "first_name": "False", "last_name": "False", "twoFA": "False", "system_lang_pack": "en-AG", "ipv6": false, "sex": 1, "username": null, "avatar": null}