{"session_file": "+15799772135", "phone": "+15799772135", "register_time": 1637256438, "app_id": 536164, "app_hash": "9aa8cf226facb8f0814003a83f9dee8e", "sdk": "SDK 27", "app_version": "5.3.9", "device": "HUAWEISHT-W09", "lang_pack": "my", "proxy": [2, "111.222.333.444", 8888, true, "login", "password"], "last_check_time": 1638958397, "success_registred": true, "first_name": "Антон", "last_name": "Мазниченко", "twoFA": "False", "system_lang_pack": "en-AG", "ipv6": false, "sex": 1, "username": null, "avatar": "./static/avatars/OGNYBiytcgpbpJGEoTSs.jpg"}