{"session_file": "+15873294769", "phone": "+15873294769", "register_time": 1637215817, "app_id": 14149, "app_hash": "89b7a2dd87e472556eab6757cf6d36ce", "sdk": "SDK 27", "app_version": "6.5.3", "device": "samsungGT-I9000", "lang_pack": "hr", "proxy": [2, "111.222.333.444", 8888, true, "login", "password"], "last_check_time": 1636568183, "success_registred": true, "first_name": "False", "last_name": "False", "twoFA": "False", "system_lang_pack": "en-AG", "ipv6": false, "sex": 1, "username": null, "avatar": null}