{"session_file": "+15873319029", "phone": "+15873319029", "register_time": 1637759693, "app_id": 30779, "app_hash": "80015a761650814282f8a334b5d33feb", "sdk": "SDK 27", "app_version": "9.4.1", "device": "samsungSM-J415GN", "lang_pack": "hu", "proxy": [2, "111.222.333.444", 8888, true, "login", "password"], "last_check_time": 1636568183, "success_registred": true, "first_name": "False", "last_name": "False", "twoFA": "False", "system_lang_pack": "en-AG", "ipv6": false, "sex": 1, "username": null, "avatar": null}