{"session_file": "+15873321720", "phone": "+15873321720", "register_time": 1637217604, "app_id": 371750, "app_hash": "28ad70b7cf6e051882d872c2d86d728c", "sdk": "SDK 26", "app_version": "5.5.0", "device": "HUAWEIMHA-L29", "lang_pack": "fr", "proxy": [2, "111.222.333.444", 8888, true, "login", "password"], "last_check_time": 1636568183, "success_registred": true, "first_name": "False", "last_name": "False", "twoFA": "False", "system_lang_pack": "en-AG", "ipv6": false, "sex": 1, "username": null, "avatar": null}