{"session_file": "+15873294191", "phone": "+15873294191", "register_time": 1637094478, "app_id": 30779, "app_hash": "80015a761650814282f8a334b5d33feb", "sdk": "SDK 24", "app_version": "5.4.4", "device": "asusP024", "lang_pack": "bg", "proxy": [2, "111.222.333.444", 8888, true, "login", "password"], "last_check_time": 1636568183, "success_registred": true, "first_name": "False", "last_name": "False", "twoFA": "False", "system_lang_pack": "en-AG", "ipv6": false, "sex": 1, "username": null, "avatar": null}