{"session_file": "+15873298148", "phone": "+15873298148", "register_time": 1637249441, "app_id": 72063, "app_hash": "f7d0ac985a7cdea4bdfdb891b8e76c09", "sdk": "SDK 23", "app_version": "6.1.4", "device": "SonyD2302", "lang_pack": "mn", "proxy": [2, "111.222.333.444", 8888, true, "login", "password"], "last_check_time": 1636568183, "success_registred": true, "first_name": "False", "last_name": "False", "twoFA": "False", "system_lang_pack": "en-AG", "ipv6": false, "sex": 1, "username": null, "avatar": null}