{"session_file": "+213699749516", "phone": "+213699749516", "app_id": 2040, "app_hash": "b18441a1ff607e10a989891a5462e627", "sdk": "Windows 10", "device": "PC 64bit", "app_version": "3.1.8 x64", "lang_pack": "en", "system_lang_pack": "en-US", "register_time": 1623531822, "first_name": "Антон", "last_name": "Мазниченко", "proxy": null, "last_check_time": 1638785039, "success_registred": true, "ipv6": false, "avatar": "./static/avatars/DUiFvXmPggGYyyOvUAVd.jpg", "username": "burke90"}