{"session_file": "+380980657013", "phone": "+380980657013", "register_time": 1640267716, "app_id": 6, "app_hash": "eb06d4abfb49dc3eeb1aeb98ae0f581e", "sdk": "SDK 26", "app_version": "7.6.0 (22642)", "device": "samsungSM-G960F", "lang_pack": "android", "success_registred": true, "proxy": [2, "31.28.27.83", 45786, false, "Selsergchupak", "E6t1XtP"], "register_process": false, "first_name": "Ираклий", "last_name": "Малинин", "last_check_time": 0, "deleted": false, "username": "gaddis2", "password": true, "password_str": "201088"}