{"session_file": "+380983853196", "phone": "+380983853196", "register_time": 1640268061, "app_id": 6, "app_hash": "eb06d4abfb49dc3eeb1aeb98ae0f581e", "sdk": "SDK 26", "app_version": "7.6.0 (22642)", "device": "samsungSM-G960F", "lang_pack": "android", "success_registred": true, "proxy": [2, "193.58.179.216", 45786, false, "Selsergchupak", "E6t1XtP"], "register_process": false, "first_name": "Рамиль", "last_name": "Вешняков", "last_check_time": 0, "deleted": false, "username": "gahagan48", "password": true, "password_str": "201088"}