{"session_file": "+380979642852", "phone": "+380979642852", "register_time": 1640268119, "app_id": 6, "app_hash": "eb06d4abfb49dc3eeb1aeb98ae0f581e", "sdk": "SDK 26", "app_version": "7.6.0 (22642)", "device": "samsungSM-G960F", "lang_pack": "android", "success_registred": true, "proxy": [2, "85.117.233.221", 45786, false, "Selsergchupak", "E6t1XtP"], "register_process": false, "first_name": "Снежана", "last_name": "Кузнецова", "last_check_time": 0, "deleted": false, "username": "paulk34", "password": true, "password_str": "201088"}