{"session_file": "+380999033267", "phone": "+380999033267", "register_time": 1638797448, "app_id": 6, "app_hash": "eb06d4abfb49dc3eeb1aeb98ae0f581e", "sdk": "SDK 26", "app_version": "7.6.0 (22642)", "device": "samsungSM-G960F", "lang_pack": "android", "success_registred": true, "proxy": [2, "176.114.9.248", 45786, false, "Selsergchupak", "E6t1XtP"], "register_process": false, "first_name": "Тарас", "last_name": "Козаченко", "last_check_time": 1639579154, "deleted": false, "username": "cornwell59", "password": true, "password_str": "201088", "avatar": "./avatars/10.jpeg"}