{"session_file": "+380999704393", "phone": "+380999704393", "register_time": 1638797716, "app_id": 6, "app_hash": "eb06d4abfb49dc3eeb1aeb98ae0f581e", "sdk": "SDK 26", "app_version": "7.6.0 (22642)", "device": "samsungSM-G960F", "lang_pack": "android", "success_registred": true, "proxy": [2, "91.234.33.197", 45786, false, "Selsergchupak", "E6t1XtP"], "register_process": false, "first_name": "Тарас", "last_name": "Козаченко", "last_check_time": 1639579143, "deleted": false, "username": "brantley17", "password": true, "password_str": "201088", "avatar": "./avatars/1.jpeg"}