{"session_file": "+380985737923", "phone": "+380985737923", "register_time": 1640267771, "app_id": 6, "app_hash": "eb06d4abfb49dc3eeb1aeb98ae0f581e", "sdk": "SDK 26", "app_version": "7.6.0 (22642)", "device": "samsungSM-G960F", "lang_pack": "android", "success_registred": true, "proxy": [2, "95.46.8.201", 45786, false, "Selsergchupak", "E6t1XtP"], "register_process": false, "first_name": "София", "last_name": "Дружинина", "last_check_time": 0, "deleted": false, "username": "elliott52", "password": true, "password_str": "201088"}