{"session_file": "+380685385003", "phone": "+380685385003", "register_time": 1640268020, "app_id": 6, "app_hash": "eb06d4abfb49dc3eeb1aeb98ae0f581e", "sdk": "SDK 26", "app_version": "7.6.0 (22642)", "device": "samsungSM-G960F", "lang_pack": "android", "success_registred": true, "proxy": [2, "192.144.18.95", 45786, false, "Selsergchupak", "E6t1XtP"], "register_process": false, "first_name": "Рамон", "last_name": "Павлов", "last_check_time": 0, "deleted": false, "username": "cannella48", "password": true, "password_str": "201088"}