{"session_file": "+628111043338", "phone": "+628111043338", "app_id": 2040, "app_hash": "b18441a1ff607e10a989891a5462e627", "sdk": "Windows 10", "device": "PC 64bit", "app_version": "3.1.8 x64", "lang_pack": "en", "system_lang_pack": "en-US", "register_time": 1623531822, "first_name": "Кульшенко", "last_name": "Ирина", "proxy": null, "last_check_time": 1638785034, "success_registred": true, "ipv6": false, "avatar": "./static/avatars/ZRzxzSjQTonORUBbdxtU.jpg", "username": "collison32"}