{"session_file": "+6283872691613", "phone": "+6283872691613", "register_time": 1638884155, "app_id": 6, "app_hash": "eb06d4abfb49dc3eeb1aeb98ae0f581e", "sdk": "SDK 26", "app_version": "7.6.0 (22642)", "device": "samsungSM-G960F", "lang_pack": "android", "success_registred": true, "proxy": [2, "45.154.118.50", 45786, false, "Selsergchupak", "E6t1XtP"], "register_process": false, "first_name": "Тарас", "last_name": "Козаченко", "last_check_time": 1639577954, "deleted": false, "username": "headley46", "avatar": "./avatars/AxKvfLkqsppwYjbUcXuH.jpg", "password": true, "password_str": "201088"}