{"session_file": "+79069729546", "phone": "+79069729546", "register_time": 1634632709, "app_id": 6, "app_hash": "eb06d4abfb49dc3eeb1aeb98ae0f581e", "device": "Apple iPhone SE 2020", "sdk": "10 Q (29)", "app_version": "6.1.1 (1945)", "lang_pack": "en", "system_lang_pack": "de_DE", "proxy": null, "last_check_time": 1639665355, "success_registred": true, "avatar": "./avatars/14.jpeg", "first_name": "Виталий", "last_name": "Мельников", "ipv6": false, "sex": 1, "test": "passed", "username": "foesch18"}