{"session_file": "+79046321682", "phone": "+79046321682", "register_time": 1638879329, "app_id": 6, "app_hash": "eb06d4abfb49dc3eeb1aeb98ae0f581e", "sdk": "SDK 26", "app_version": "7.6.0 (22642)", "device": "samsungSM-G960F", "lang_pack": "android", "success_registred": true, "proxy": [2, "91.234.33.161", 45786, false, "Selsergchupak", "E6t1XtP"], "register_process": false, "first_name": "Тарас", "last_name": "Козаченко", "last_check_time": 1639579094, "deleted": false, "username": "perkins91", "avatar": "./avatars/12.jpeg", "password": true, "password_str": "201088"}