{"session_file": "+79069729189", "phone": "+79069729189", "register_time": 1634546309, "app_id": 6, "app_hash": "eb06d4abfb49dc3eeb1aeb98ae0f581e", "device": "Asus Rog Phone 10", "sdk": "10 Q (29)", "app_version": "6.1.1 (1946)", "lang_pack": "en", "system_lang_pack": "en_US", "proxy": null, "last_check_time": 1639665392, "success_registred": true, "avatar": "./avatars/4.jpeg", "first_name": "Виталий", "last_name": "Мельников", "ipv6": false, "sex": 1, "test": "passed", "username": "tep37"}