{"session_file": "+79069728010", "phone": "+79069728010", "register_time": 1634719109, "app_id": 6, "app_hash": "eb06d4abfb49dc3eeb1aeb98ae0f581e", "device": "Asus Rog Phone 3 16", "sdk": "10 W (29)", "app_version": "6.1.1 (1946)", "lang_pack": "en", "system_lang_pack": "de_DE", "proxy": null, "last_check_time": 1639665367, "success_registred": true, "avatar": "./avatars/13.jpeg", "first_name": "Виталий", "last_name": "Мельников", "ipv6": false, "sex": 1, "test": "passed", "username": "hamill11"}