{"session_file": "+79017687719", "phone": "+79017687719", "register_time": 1638956217, "app_id": 6, "app_hash": "eb06d4abfb49dc3eeb1aeb98ae0f581e", "sdk": "SDK 26", "app_version": "7.6.0 (22642)", "device": "samsungSM-G960F", "lang_pack": "android", "success_registred": true, "proxy": [2, "212.90.110.41", 45786, false, "Selsergchupak", "E6t1XtP"], "register_process": false, "first_name": "Тарас", "last_name": "Козаченко", "last_check_time": 1639579065, "deleted": false, "username": "jeffries81", "avatar": "./avatars/5.jpeg", "password": true, "password_str": "201088"}