{"session_file": "+79096199703", "phone": "+79096199703", "register_time": 1639997135, "app_id": 6, "app_hash": "eb06d4abfb49dc3eeb1aeb98ae0f581e", "sdk": "SDK 26", "app_version": "7.6.0 (22642)", "device": "samsungSM-G960F", "lang_pack": "android", "success_registred": true, "proxy": [2, "93.189.46.79", 45786, false, "Selsergchupak", "E6t1XtP"], "register_process": false, "first_name": "Иван", "last_name": "Хромов", "last_check_time": 1640003733, "deleted": false, "username": "wadding25", "password": true, "password_str": "201088", "avatar": "./avatars/3.jpeg"}