{"session_file": "+79058956013", "phone": "+79058956013", "register_time": 1639485475, "app_id": 6, "app_hash": "eb06d4abfb49dc3eeb1aeb98ae0f581e", "sdk": "SDK 26", "app_version": "7.6.0 (22642)", "device": "samsungSM-G960F", "lang_pack": "android", "success_registred": true, "proxy": [2, "195.22.153.82", 45786, false, "Selsergchupak", "E6t1XtP"], "register_process": false, "first_name": "Тарас", "last_name": "Козаченко", "last_check_time": 1639578966, "deleted": false, "username": "lowe30", "avatar": "./avatars/1.jpeg", "password": true, "password_str": "201088"}