{"session_file": "+79069728360", "phone": "+79069728360", "register_time": 1634546309, "app_id": 2040, "app_hash": "b18441a1ff607e10a989891a5462e627", "device": "PC 64bit", "sdk": "Windows 8", "app_version": "2.2", "lang_pack": "en", "system_lang_pack": "en-US", "proxy": null, "last_check_time": 1639665358, "success_registred": true, "avatar": "./avatars/10.jpeg", "first_name": "Виталий", "last_name": "Мельников", "ipv6": false, "sex": 1, "test": "passed", "username": "pettitt84"}