{"session_file": "+79069728465", "phone": "+79069728465", "register_time": 1634632709, "app_id": 6, "app_hash": "eb06d4abfb49dc3eeb1aeb98ae0f581e", "device": "Alcatel 1S (2020)", "sdk": "10 W (29)", "app_version": "6.1.1 (1946)", "lang_pack": "en", "system_lang_pack": "de_DE", "proxy": null, "last_check_time": 1639665355, "success_registred": true, "avatar": "./avatars/13.jpeg", "first_name": "Виталий", "last_name": "Мельников", "ipv6": false, "sex": 1, "test": "passed", "username": "murray56"}