{"session_file": "+79619235484", "phone": "+79619235484", "register_time": 1639996750, "app_id": 6, "app_hash": "eb06d4abfb49dc3eeb1aeb98ae0f581e", "sdk": "SDK 26", "app_version": "7.6.0 (22642)", "device": "samsungSM-G960F", "lang_pack": "android", "success_registred": true, "proxy": [2, "109.68.191.27", 45786, false, "Selsergchupak", "E6t1XtP"], "register_process": false, "first_name": "Иван", "last_name": "Хромов", "last_check_time": 1640003733, "deleted": false, "username": "winnen49", "password": true, "password_str": "201088", "avatar": "./avatars/3.jpeg"}