{"session_file": "+79776717710", "phone": "+79776717710", "register_time": 1638955884, "app_id": 6, "app_hash": "eb06d4abfb49dc3eeb1aeb98ae0f581e", "sdk": "SDK 26", "app_version": "7.6.0 (22642)", "device": "samsungSM-G960F", "lang_pack": "android", "success_registred": true, "proxy": [2, "91.234.33.179", 45786, false, "Selsergchupak", "E6t1XtP"], "register_process": false, "first_name": "Тарас", "last_name": "Козаченко", "last_check_time": 1639579064, "deleted": false, "username": "nissen98", "avatar": "./avatars/9.jpeg", "password": true, "password_str": "201088"}