{"session_file": "37281949520", "phone": "37281949520", "register_time": 1638796170, "app_id": 6, "app_hash": "eb06d4abfb49dc3eeb1aeb98ae0f581e", "sdk": "SDK 26", "app_version": "7.6.0 (22642)", "device": "samsungSM-G960F", "lang_pack": "android", "success_registred": true, "proxy": [2, "194.38.21.63", 45786, false, "Selsergchupak", "E6t1XtP"], "register_process": false, "first_name": "Тарас", "last_name": "Козаченко", "last_check_time": 1639579153, "deleted": false, "username": "desir14", "password": true, "password_str": "201088", "avatar": "./avatars/8.jpeg"}