{"session_file": "37281950778", "phone": "37281950778", "register_time": 1638796658, "app_id": 6, "app_hash": "eb06d4abfb49dc3eeb1aeb98ae0f581e", "sdk": "SDK 26", "app_version": "7.6.0 (22642)", "device": "samsungSM-G960F", "lang_pack": "android", "success_registred": true, "proxy": [2, "46.229.55.45", 45786, false, "Selsergchupak", "E6t1XtP"], "register_process": false, "first_name": "Тарас", "last_name": "Козаченко", "last_check_time": 1639579160, "deleted": false, "username": "lamoine22", "password": true, "password_str": "201088", "avatar": "./avatars/6.jpeg"}