{"session_file": "40735768874", "phone": "40735768874", "register_time": 1640177517, "app_id": 6, "app_hash": "eb06d4abfb49dc3eeb1aeb98ae0f581e", "sdk": "SDK 26", "app_version": "7.6.0 (22642)", "device": "samsungSM-G960F", "lang_pack": "android", "success_registred": true, "proxy": [2, "77.220.205.5", 45786, false, "Selsergchupak", "E6t1XtP"], "register_process": false, "first_name": "Лариса", "last_name": "Алехина", "last_check_time": 0, "deleted": false, "username": "mcclure31", "avatar": "./avatars/2.jpeg", "password": true, "password_str": "201088"}