{"session_file": "40735924751", "phone": "40735924751", "register_time": 1640177652, "app_id": 6, "app_hash": "eb06d4abfb49dc3eeb1aeb98ae0f581e", "sdk": "SDK 26", "app_version": "7.6.0 (22642)", "device": "samsungSM-G960F", "lang_pack": "android", "success_registred": true, "proxy": [2, "176.53.132.105", 45786, false, "Selsergchupak", "E6t1XtP"], "register_process": false, "first_name": "Дарья", "last_name": "Ларина", "last_check_time": 0, "deleted": false, "username": "paetzold95", "avatar": "./avatars/13.jpeg", "password": true, "password_str": "201088"}