{"session_file": "40751471138", "phone": "40751471138", "register_time": 1640177733, "app_id": 6, "app_hash": "eb06d4abfb49dc3eeb1aeb98ae0f581e", "sdk": "SDK 26", "app_version": "7.6.0 (22642)", "device": "samsungSM-G960F", "lang_pack": "android", "success_registred": true, "proxy": [2, "46.16.13.243", 45786, false, "Selsergchupak", "E6t1XtP"], "register_process": false, "first_name": "Ольга", "last_name": "Куприянова", "last_check_time": 0, "deleted": false, "username": "mcdonough95", "avatar": "./avatars/15.jpeg", "password": true, "password_str": "201088"}