{"session_file": "77077099767", "phone": "77077099767", "register_time": 1639062938, "app_id": 6, "app_hash": "eb06d4abfb49dc3eeb1aeb98ae0f581e", "sdk": "SDK 26", "app_version": "7.6.0 (22642)", "device": "samsungSM-G960F", "lang_pack": "android", "success_registred": true, "proxy": [2, "31.131.19.82", 45786, false, "Selsergchupak", "E6t1XtP"], "register_process": false, "first_name": "Тарас", "last_name": "Козаченко", "last_check_time": 1639578978, "deleted": false, "username": "roberrtson9", "avatar": "./avatars/6.jpeg", "password": true, "password_str": "201088"}