{"session_file": "77079834328", "phone": "77079834328", "register_time": 1639063000, "app_id": 6, "app_hash": "eb06d4abfb49dc3eeb1aeb98ae0f581e", "sdk": "SDK 26", "app_version": "7.6.0 (22642)", "device": "samsungSM-G960F", "lang_pack": "android", "success_registred": true, "proxy": [2, "93.190.40.59", 45786, false, "Selsergchupak", "E6t1XtP"], "register_process": false, "first_name": "Тарас", "last_name": "Козаченко", "last_check_time": 1639578978, "deleted": false, "username": "bergan78", "avatar": "./avatars/1.jpeg", "password": true, "password_str": "201088"}