{"session_file": "77077938547", "phone": "77077938547", "register_time": 1639061353, "app_id": 6, "app_hash": "eb06d4abfb49dc3eeb1aeb98ae0f581e", "sdk": "SDK 26", "app_version": "7.6.0 (22642)", "device": "samsungSM-G960F", "lang_pack": "android", "success_registred": true, "proxy": [2, "91.234.33.161", 45786, false, "Selsergchupak", "E6t1XtP"], "register_process": false, "first_name": "Тарас", "last_name": "Козаченко", "last_check_time": 1639578991, "deleted": false, "username": "bocchi9", "avatar": "./avatars/15.jpeg", "password": true, "password_str": "201088"}