{"session_file": "77078926640", "phone": "77078926640", "register_time": 1639062001, "app_id": 6, "app_hash": "eb06d4abfb49dc3eeb1aeb98ae0f581e", "sdk": "SDK 26", "app_version": "7.6.0 (22642)", "device": "samsungSM-G960F", "lang_pack": "android", "success_registred": true, "proxy": [2, "93.190.40.46", 45786, false, "Selsergchupak", "E6t1XtP"], "register_process": false, "first_name": "Тарас", "last_name": "Козаченко", "last_check_time": 1639578992, "deleted": false, "username": "givens59", "avatar": "./avatars/12.jpeg", "password": true, "password_str": "201088"}