{"session_file": "77476747078", "phone": "77476747078", "register_time": 1639061278, "app_id": 6, "app_hash": "eb06d4abfb49dc3eeb1aeb98ae0f581e", "sdk": "SDK 26", "app_version": "7.6.0 (22642)", "device": "samsungSM-G960F", "lang_pack": "android", "success_registred": true, "proxy": [2, "176.114.9.248", 45786, false, "Selsergchupak", "E6t1XtP"], "register_process": false, "first_name": "Тарас", "last_name": "Козаченко", "last_check_time": 1639578995, "deleted": false, "username": "suniga23", "avatar": "./avatars/16.jpeg", "password": true, "password_str": "201088"}